{
  "$schema": "http://json-schema.org/schema#",

  "type": "object",
  "properties": {
    "innsettelsesordre": { "$ref": "#/$defs/innsettelsesordre" }
  },
  "additionalProperties": false,

  "$defs": {
    "innsettelsesordre": {
      "description": "Insettelsesordre fra påtale til fengsel (KDI)",
      "type": "object",
      "required": [
        "forsendelse",
        "hovedStraffesaksnummer",
        "varetektSyklusId",
        "ordreId",
        "ordreKjennelse",
        "paagrepetTidspunkt",
        "personVaretektInfo"
      ],
      "additionalProperties": false,
      "properties": {
        "forsendelse": { "$ref": "#/references/forsendelse" },
        "hovedStraffesaksnummer": { "type": "string" },
        "kontaktPersonKDI": { "$ref": "#/references/ansatt" },
        "varetektSyklusId": { "type": "string" },
        "ordreId": { "type": "string" },
        "ordreKjennelse": {
          "oneOf": [
            { "$ref": "#/references/ordrePaataleOneOf" },
            { "$ref": "#/references/kjennelseVaretektOneOf" }
          ]
        },
        "paagrepetTidspunkt": { "type": "string", "format": "date-time" },
        "personVaretektInfo": { "$ref": "#/$defs/personVaretektInfo" },
        "paategningsdokumentRef": { "$ref": "#/references/dokumentRef" },
        "dokumenter": {
          "type": "array",
          "items": { "$ref": "#/references/dokument" }
        }
      }
    },

    "personVaretektInfo": {
      "title": "personVaretektInfo",
      "type": "object",
      "required": ["personVaretekt", "straffesaker"],
      "additionalProperties": false,
      "properties": {
        "personVaretekt": {
          "$ref": "#/references/personFull"
        },
        "helseopplysninger": {
          "type": "string"
        },
        "straffesaker": {
          "type": "array",
          "title": "straffesaker",
          "items": {
            "$ref": "#/references/straffesakLovbudInvolverte"
          }
        }
      }
    }
  },
  "references": {
    "ansatt": {
      "$ref": "../../felles/1.0/basistyper.schema.json#/$defs/ansatt"
    },
    "dokument": {
      "$ref": "../../felles/1.0/dokument.schema.json#/$defs/dokument"
    },
    "dokumentRef": {
      "$ref": "../../felles/1.0/dokument.schema.json#/$defs/dokumentRef"
    },
    "forsendelse": {
      "$ref": "../../felles/1.0/forsendelse.schema.json#/$defs/forsendelse"
    },
    "kjennelseVaretektOneOf": {
      "$ref": "../../felles/1.0/varetekt.schema.json#/$defs/kjennelseVaretektOneOf"
    },
    "ordrePaataleOneOf": {
      "$ref": "../../felles/1.0/varetekt.schema.json#/$defs/ordrePaataleOneOf"
    },
    "personFull": {
      "$ref": "../../felles/1.0/person.schema.json#/$defs/personFull"
    },
    "straffesakLovbudInvolverte": {
      "$ref": "../../felles/1.0/straffesak.schema.json#/$defs/straffesakLovbudInvolverte"
    }
  }
}
