{
  "person": {
    "internId": "700892415",
    "navn": {
      "fornavn": "Masse",
      "etternavn": "KIWI"
    },
    "identitetsnummer": {
      "foedselsnummer": "19877099302"
    },
    "tilleggsId": [],
    "kjoenn": "MANN",
    "foedselsdato": "1970-07-19",
    "statsborgerskap": [
      {
        "kode": "NOR",
        "navn": "Norge"
      }
    ],
    "adresseGradering": "STRENGT_FORTROLIG",
    "personAdresse": {
      "adresse": {
        "adresselinjer": ["SOT6", "Postboks 8163 DEP"],
        "postnummer": "0301",
        "poststed": "OSLO"
      }
    }
  }
}
