{
  "oppslag": [
    {
      "foedselsEllerDNummer": "03823349474",
      "folkeregisterperson": {
        "adressebeskyttelse": [
          {
            "aarsak": "Adressebeskyttelse",
            "ajourholdstidspunkt": "2022-10-28T14:01:39.492998+02:00",
            "erGjeldende": true,
            "graderingsnivaa": "strengtFortrolig",
            "gyldighetstidspunkt": "2022-10-28T00:00:00+02:00",
            "kilde": "Synutopia"
          }
        ],
        "bostedsadresse": [
          {
            "aarsak": "Flytting innenlands",
            "adressegradering": "ugradert",
            "adresseIdentifikatorFraMatrikkelen": "285728689",
            "ajourholdstidspunkt": "2022-10-28T14:01:38.433799+02:00",
            "erGjeldende": false,
            "flyttedato": "2022-03-25",
            "grunnkrets": 3803,
            "gyldighetstidspunkt": "2022-03-25T00:00:00+01:00",
            "kilde": "Synutopia",
            "kirkekrets": 2,
            "opphoerstidspunkt": "2022-10-28T14:01:38.433792+02:00",
            "skolekrets": 210,
            "stemmekrets": 1204,
            "vegadresse": {
              "adressekode": "14334",
              "adressenavn": "Lindebergveien",
              "adressenummer": {
                "husbokstav": "E",
                "husnummer": "81"
              },
              "bruksenhetsnummer": "H0101",
              "bruksenhetstype": "bolig",
              "kommunenummer": "0301",
              "poststed": {
                "postnummer": "1069",
                "poststedsnavn": "OSLO"
              }
            }
          }
        ],
        "familierelasjon": [
          {
            "aarsak": "Patch",
            "ajourholdstidspunkt": "2022-03-25T08:36:42.309146+01:00",
            "erGjeldende": true,
            "gyldighetstidspunkt": "1991-10-30T08:36:42.143442+01:00",
            "kilde": "Synutopia",
            "minRolleForPerson": "ektefelleEllerPartner",
            "relatertPerson": "06853149762",
            "relatertPersonsRolle": "ektefelleEllerPartner"
          },
          {
            "aarsak": "Patch",
            "ajourholdstidspunkt": "2022-03-08T09:59:06.141963+01:00",
            "erGjeldende": true,
            "gyldighetstidspunkt": "1970-06-21T00:00:00+01:00",
            "kilde": "Synutopia",
            "minRolleForPerson": "mor",
            "relatertPerson": "21867097713",
            "relatertPersonsRolle": "barn"
          },
          {
            "aarsak": "Patch",
            "ajourholdstidspunkt": "2022-03-10T08:57:14.665245+01:00",
            "erGjeldende": true,
            "gyldighetstidspunkt": "1967-04-23T00:00:00+01:00",
            "kilde": "Synutopia",
            "minRolleForPerson": "mor",
            "relatertPerson": "23846798331",
            "relatertPersonsRolle": "barn"
          },
          {
            "aarsak": "Patch",
            "ajourholdstidspunkt": "2022-03-11T15:30:12.455452+01:00",
            "erGjeldende": true,
            "gyldighetstidspunkt": "1964-05-14T00:00:00+01:00",
            "kilde": "Synutopia",
            "minRolleForPerson": "mor",
            "relatertPerson": "14856496598",
            "relatertPersonsRolle": "barn"
          },
          {
            "aarsak": "Patch",
            "ajourholdstidspunkt": "2022-03-15T21:47:36.11082+01:00",
            "erGjeldende": true,
            "gyldighetstidspunkt": "1960-04-13T00:00:00+01:00",
            "kilde": "Synutopia",
            "minRolleForPerson": "mor",
            "relatertPerson": "13846095882",
            "relatertPersonsRolle": "barn"
          }
        ],
        "foedsel": [
          {
            "ajourholdstidspunkt": "2022-03-08T09:59:06.443862+01:00",
            "erGjeldende": true,
            "foedekommuneINorge": "4204",
            "foedeland": "NOR",
            "foedselsaar": "1933",
            "foedselsdato": "1933-02-03",
            "gyldighetstidspunkt": "1933-02-03T09:59:06.443853+01:00",
            "kilde": "Synutopia"
          }
        ],
        "identifikasjonsnummer": [
          {
            "ajourholdstidspunkt": "2020-12-22T17:08:09.792+01:00",
            "erGjeldende": true,
            "foedselsEllerDNummer": "03823349474",
            "identifikatortype": "foedselsnummer",
            "kilde": "KILDE_DSF",
            "status": "iBruk"
          }
        ],
        "kjoenn": [
          {
            "erGjeldende": true,
            "kilde": "KILDE_DSF",
            "kjoenn": "kvinne"
          }
        ],
        "navn": [
          {
            "aarsak": "Patch",
            "ajourholdstidspunkt": "2022-03-08T09:59:06.541369+01:00",
            "erGjeldende": true,
            "etternavn": "SEN",
            "fornavn": "KLAR",
            "gyldighetstidspunkt": "2022-03-08T09:59:06.541367+01:00",
            "kilde": "Synutopia"
          }
        ],
        "postadresse": [
          {
            "aarsak": "Adressebeskyttelse",
            "adressegradering": "ugradert",
            "ajourholdstidspunkt": "2022-10-28T14:01:38.433799+02:00",
            "erGjeldende": true,
            "gyldighetstidspunkt": "2022-10-28T14:01:38.433792+02:00",
            "kilde": "Synutopia",
            "postboksadresse": {
              "postboks": "Postboks 2094 Vika",
              "postbokseier": "SOT 6",
              "poststed": {
                "postnummer": "0125",
                "poststedsnavn": "OSLO"
              }
            }
          }
        ],
        "sivilstand": [
          {
            "aarsak": "Patch",
            "ajourholdstidspunkt": "2022-03-25T08:36:42.143445+01:00",
            "erGjeldende": true,
            "gyldighetstidspunkt": "1991-10-30T08:36:42.143442+01:00",
            "kilde": "Synutopia",
            "kommune": "4640",
            "myndighet": "DEN_NORSKE_KIRKE",
            "relatertVedSivilstand": "06853149762",
            "sivilstand": "gift",
            "sivilstandsdato": "1991-10-30",
            "sted": "Matt Testkirke"
          }
        ],
        "statsborgerskap": [
          {
            "aarsak": "Fødsel",
            "ajourholdstidspunkt": "2022-03-08T09:59:06.577528+01:00",
            "erGjeldende": true,
            "ervervsdato": "1933-02-03",
            "gyldighetstidspunkt": "1933-02-03T09:59:06.577543+01:00",
            "kilde": "Synutopia",
            "statsborgerskap": "NOR"
          }
        ],
        "status": [
          {
            "ajourholdstidspunkt": "2020-12-22T17:08:09.792+01:00",
            "erGjeldende": true,
            "gyldighetstidspunkt": "2020-12-22T17:08:09.792+01:00",
            "kilde": "KILDE_DSF",
            "status": "bosatt"
          }
        ]
      }
    }
  ]
}
