{
  "oppslag": [
    {
      "foedselsEllerDNummer": "13897599443",
      "folkeregisterperson": {
        "adressebeskyttelse": [
          {
            "aarsak": "Adressebeskyttelse",
            "ajourholdstidspunkt": "2022-08-06T18:01:39.955017+02:00",
            "erGjeldende": true,
            "graderingsnivaa": "fortrolig",
            "gyldighetstidspunkt": "2022-08-06T18:01:39.793929+02:00",
            "kilde": "Synutopia"
          }
        ],
        "bostedsadresse": [
          {
            "aarsak": "Flytting innenlands",
            "adressegradering": "fortrolig",
            "adresseIdentifikatorFraMatrikkelen": "202357475",
            "ajourholdstidspunkt": "2022-08-06T18:01:40.036381+02:00",
            "erGjeldende": true,
            "flyttedato": "2022-03-04",
            "grunnkrets": 1402,
            "gyldighetstidspunkt": "2022-03-04T00:00:00+01:00",
            "kilde": "Synutopia",
            "kirkekrets": 2,
            "skolekrets": 1,
            "stemmekrets": 1,
            "vegadresse": {
              "adressekode": "43302",
              "adressenavn": "Holtet",
              "adressenummer": {
                "husnummer": "9"
              },
              "bruksenhetsnummer": "H0101",
              "bruksenhetstype": "bolig",
              "kommunenummer": "3805",
              "poststed": {
                "postnummer": "3296",
                "poststedsnavn": "NEVLUNGHAVN"
              }
            }
          }
        ],
        "foedsel": [
          {
            "ajourholdstidspunkt": "2022-03-04T12:46:26.486538+01:00",
            "erGjeldende": true,
            "foedekommuneINorge": "1506",
            "foedeland": "NOR",
            "foedselsaar": "1975",
            "foedselsdato": "1975-09-13",
            "gyldighetstidspunkt": "1975-09-13T12:46:26.486537+01:00",
            "kilde": "Synutopia"
          }
        ],
        "identifikasjonsnummer": [
          {
            "ajourholdstidspunkt": "2020-12-22T17:08:52.721+01:00",
            "erGjeldende": true,
            "foedselsEllerDNummer": "13897599443",
            "identifikatortype": "foedselsnummer",
            "kilde": "KILDE_DSF",
            "status": "iBruk"
          }
        ],
        "kjoenn": [
          {
            "erGjeldende": true,
            "kilde": "KILDE_DSF",
            "kjoenn": "kvinne"
          }
        ],
        "navn": [
          {
            "aarsak": "Første gangs navnevalg",
            "ajourholdstidspunkt": "2021-12-01T19:06:36.181629+01:00",
            "erGjeldende": true,
            "etternavn": "MIDDAG",
            "fornavn": "BERØMT",
            "gyldighetstidspunkt": "2019-01-01T00:00:00+01:00",
            "kilde": "Synutopia"
          }
        ],
        "sivilstand": [
          {
            "aarsak": "Fødsel",
            "ajourholdstidspunkt": "2021-12-01T19:06:36.217638+01:00",
            "erGjeldende": true,
            "gyldighetstidspunkt": "1975-09-13T00:00:00+01:00",
            "kilde": "Synutopia",
            "sivilstand": "ugift",
            "sivilstandsdato": "1975-09-13"
          }
        ],
        "statsborgerskap": [
          {
            "aarsak": "Fødsel",
            "ajourholdstidspunkt": "2022-03-04T12:46:26.564995+01:00",
            "erGjeldende": true,
            "ervervsdato": "1975-09-13",
            "gyldighetstidspunkt": "1975-09-13T12:46:26.565013+01:00",
            "kilde": "Synutopia",
            "statsborgerskap": "NOR"
          }
        ],
        "status": [
          {
            "ajourholdstidspunkt": "2020-12-22T17:08:52.721+01:00",
            "erGjeldende": true,
            "gyldighetstidspunkt": "2020-12-22T17:08:52.721+01:00",
            "kilde": "KILDE_DSF",
            "status": "bosatt"
          }
        ]
      }
    }
  ]
}
