{
  "$schema": "http://json-schema.org/draft-04/schema#",
  "$id": "da/felles/0.9/BasicTypes.schema.json",
  "additionalProperties": false,
  "definitions": {
    "Orgenhet": {
      "additionalProperties": false,
      "description": "Sender mottaker av meldinger, politi, domstol, kriminalomsorg, fengsel osv.",
      "properties": {
        "navn": {
          "type": "string",
          "description": "Nordland politidistrikt eller Oslo tingrett."
        },
        "orgnr": {
          "type": "string",
          "description": "Norsk organisasjonsnummer fra BRREG. Referanse til politidistrikt, embete osv.",
          "maxLength": 20,
          "minLength": 2
        }
      },
      "required": ["orgnr"],
      "type": "object"
    },
    "AnsattPerson": {
      "$comment": "Hva med telefonnummer, epost, bid",
      "additionalProperties": false,
      "description": "Type for personer som er ansatt hos påtale eller domstolen(saksbehandlere, påtaleadvokater, statsadvokater,...)",
      "properties": {
        "id": {
          "type": "integer",
          "description": "Unik id i denne forsendesen (for de-duplisering)"
        },
        "foedselsdato": {
          "$ref": "#/definitions/xs:date"
        },
        "etternavn": {
          "type": "string"
        },
        "fornavn": {
          "type": "string"
        },
        "mellomnavn": {
          "type": "string"
        },
        "tittel": {
          "type": "string"
        }
      },
      "required": ["etternavn", "id"],
      "type": "object"
    },

    "PrivatPerson": {
      "additionalProperties": false,
      "description": "Person som har en rolle i en straffesak (siktet, mistenkt, osv) der det er krav om fødselsnummer for nordmenn. Andre identifikatorer kan være interne, DUF nummer, pass nummer ...",
      "properties": {
        "etternavn": {
          "type": "string"
        },
        "fornavn": {
          "type": "string"
        },
        "mellomnavn": {
          "type": "string"
        },
        "fNr": {
          "$comment": "TODO: Vi må lage restriksjon på at minst én av numrene er satt",
          "$ref": "#/definitions/FoedselsnummerType",
          "description": "Kun norsk fødselsnummer. Hvis det er et D-nummer så kommer det i eget felt."
        },
        "dNr": {
          "$ref": "#/definitions/FoedselsnummerType",
          "description": "Kun hvis det ikke finnes foedselsnummer."
        },
        "sspNr": {
          "$comment": "Burde vi lage restriksjoner for denne typen (ref: #/definitions/SSPNummerType )",
          "type": "string",
          "description": "Alle personer som det er foretatt tvangsmidler mot skal ha et SSP nummer hvis de ikke har et fødselsnummer. Blir sendt med selv om de har fødselsnummer tidligere da de kan være lagt inn med fødselsdato og SSP nummer tidligere. En person skal vanligvis ha ett SSP nummer, men det kan ha vært andre tidligere. Det siste gyldige legges ved her."
        },
        "adresse": {
          "$ref": "#/definitions/Adresse",
          "description": "Kanskje fordi domstolene vil trenge å ta kontakt? Trenger vi både postadresse og besøksadresse?"
        },
        "epost": {
          "anyOf": [
            {
              "$ref": "#/definitions/EpostType"
            },
            {
              "items": {
                "$ref": "#/definitions/EpostType"
              },
              "type": "array"
            }
          ]
        },
        "foedselsdato": {
          "$ref": "#/definitions/xs:date",
          "description": "Påbudt i BL i dag, men er ikke sikkert politiet vet."
        },
        "kjoenn": {
          "$ref": "#/definitions/Kjoenn"
        },
        "nasjonalitet": {
          "$ref": "#/definitions/LandkodeType",
          "description": "Nasjonalitet ikke med hvis det er ukjent."
        },

        "telefonnummer": {
          "anyOf": [
            {
              "$ref": "#/definitions/TelefonnummerType"
            },
            {
              "items": {
                "$ref": "#/definitions/TelefonnummerType"
              },
              "type": "array"
            }
          ]
        },
        "tittel": {
          "type": "string"
        },
        "yrke": {
          "type": "string"
        },
        "formue": {
          "type": "integer"
        },
        "inntekt": {
          "type": "integer"
        },
        "verge": {
          "anyOf": [
            {
              "$ref": "#/definitions/ProfesjonellPerson",
              "description": "Referanse til person som er verge for denne personen. Vil peke på ProfesjonellPerson."
            },
            {
              "items": {
                "$ref": "#/definitions/ProfesjonellPerson",
                "description": "Referanse til person som er verge for denne personen. Vil peke på ProfesjonellPerson."
              },
              "type": "array"
            }
          ]
        },
        "forsvarer": {
          "$ref": "#/definitions/ProfesjonellPerson",
          "description": "Referanse til person som er forsvarer for den siktede. Vil peke på ProfesjonellPerson."
        }
      },
      "required": ["etternavn"],
      "anyOf": [
        { "required": ["fNr"] },
        { "required": ["dNr"] },
        { "required": ["sspNr"] }
      ],
      "type": "object"
    },

    "ProfesjonellPerson": {
      "additionalProperties": false,
      "properties": {
        "etternavn": {
          "type": "string"
        },
        "fornavn": {
          "type": "string"
        },
        "mellomnavn": {
          "type": "string"
        },
        "epost": {
          "$ref": "#/definitions/EpostType",
          "description": "Er ikke med i første leveranse."
        },
        "foedselsdato": {
          "$ref": "#/definitions/xs:date"
        },

        "telefonnummer": {
          "$ref": "#/definitions/TelefonnummerType",
          "description": "Er ikke med i første leveranse."
        },
        "tittel": {
          "type": "string"
        }
      },
      "etternavn": ["navn"],
      "type": "object"
    },

    "Adresse": {
      "additionalProperties": false,
      "description": "En adresse består av en eller flere adresselinjer (gate eller postboks osv), et postnummer (fritekst for a tillate utenlandske postnumre), et poststed (fritekst), en landkode, et kommunenummer (fritekst) og et kommunenavn (fritekst).",
      "properties": {
        "landkode": {
          "$ref": "#/definitions/LandkodeType"
        },
        "adresselinje": {
          "anyOf": [
            {
              "type": "string"
            },
            {
              "items": {
                "type": "string"
              },
              "type": "array"
            }
          ]
        },
        "kommune": {
          "type": "string"
        },
        "kommunenummer": {
          "type": "string",
          "description": "Typen forelopig satt til string"
        },
        "postnummer": {
          "type": "string"
        },
        "poststed": {
          "type": "string"
        }
      },
      "type": "object"
    },

    "LandkodeType": {
      "description": "En landkode bestaar av tre store bokstaver fra kodelisten ISO 3166-1-alpha-3",
      "pattern": "^([A-Z]{3,3})$",
      "type": "string"
    },

    "FoedselsnummerType": {
      "description": "Et foedselsnummer bestaar av 11 sifre. Et fødselsnummer kan også være et D nummer.",
      "pattern": "^([\\d]{11,11})$",
      "type": "string"
    },

    "EpostType": {
      "description": "Lange epostadresser.",
      "maxLength": 150,
      "minLength": 5,
      "type": "string"
    },

    "Kjoenn": {
      "description": "Kjoenn representeres ved en bokstav: M for Mann, K for Kvinne, A for Annet og U for Ukjent.",
      "enum": ["M", "K", "A", "U"],
      "type": "string"
    },

    "TelefonnummerType": {
      "description": "Ett telefonnummer. Husk vi må kunne håndtere utenlandske telefonnummer +1 (345) 3423.",
      "maxLength": 30,
      "minLength": 1,
      "type": "string"
    },

    "xs:date": {
      "type": "string"
    },
    "xs:dateTime": {
      "type": "string"
    }
  },
  "description": "JSON Schema med basis typer for utveksling av meldinger over JustisHub"
}
