{
  "$schema": "http://json-schema.org/draft-04/schema#",
  "$id": "da/felles/0.9/Dokument.schema.json",
  "description": "Dokumenter som sendes over JustisHub.",
  "type": "object",
  "additionalProperties": false,
  "definitions": {
    "Dokument": {
      "description": "Et dokument har en ID for at det skal kunne refereres til fra andre steder.",
      "type": "object",
      "properties": {
        "dokumentId": {
          "description": "Referanse/journal nummer fra BL, Lovisa eller KODA/Kompis",
          "type": "string",
          "minLength": 2,
          "maxLength": 50
        },
        "dokumentforsendelse": {
          "$ref": "#/definitions/Dokumentforsendelse"
        },
        "dokumentNummer": {
          "description": "Når påtale refererer til dokumenter så brukes ofte dokumentnummer som vises på alle straffesaksdokumenter. Dokumentnummer på et dokument kan endre seg og et dokument kan ha flere dokumentnummer hvis samme dokument ligger flere steder i dokumentlisten.",
          "type": "string"
        },
        "overskrift": {
          "description": "Klippe på slutten hvis det er for langt",
          "type": "string",
          "minLength": 2,
          "maxLength": 260
        },
        "skrevetDato": {
          "$ref": "#/references/Dato"
        }
      },
      "required": ["dokumentforsendelse", "overskrift"],
      "additionalProperties": false
    },
    "Dokumentforsendelse": {
      "type": "object",
      "properties": {
        "mimeType": {
          "type": "string"
        },
        "sjekksum": {
          "type": "string"
        },
        "uri": {
          "type": "string"
        }
      },
      "required": ["mimeType", "sjekksum", "uri"],
      "additionalProperties": false
    }
  },
  "references": {
    "Dato": {
      "$ref": "../../felles/0.9/BasicTypes.schema.json#/definitions/xs:date"
    }
  }
}
