{
  "melding": "oppdaterVaretekt",
  "forsendelse": {
    "meldingsId": "607AC26F-E3C3-4241-AE76-8389B7715968",
    "sendtTid": "2022-11-03T10:19:57+02:00",
    "avsender": {
      "organisasjon": {
        "organisasjonsnummer": "983997953",
        "navn": "Innlandet politidistrikt"
      },
      "saksbehandler": {
        "brukeridentifikasjon": "PD",
        "navn": {
          "etternavn": "Politiets Datatjeneste"
        }
      }
    },
    "mottaker": {
      "organisasjon": {
        "organisasjonsnummer": "890286712",
        "navn": "Bjørgvin fengsel"
      }
    }
  },
  "hovedStraffesaksnummer": "15434819",
  "ordreId": "1D7D64DB-6C54-4362-AD07-82DEC16D2E73",
  "varetektSyklusId": "0AF242A3-EDCC-4FB7-B1DE-E974A360B73C",
  "personIVaretekt": {
    "internId": "700892414",
    "navn": {
      "fornavn": "Morsom",
      "etternavn": "KIWI"
    },
    "foedselsnummer": ["14846399381"],
    "sspNummer": [],
    "dNummer": [],
    "kjoenn": "MANN",
    "foedselsdato": "1963-04-14T00:00:00",
    "statsborgerskap": [
      {
        "kode": "NOR",
        "navn": "Norge"
      }
    ],
    "adresseGradering": "KLIENT_ADRESSE",
    "personAdresse": {
      "gradering": "KLIENT_ADRESSE",
      "adresse": {
        "adresselinjer": ["Bjørklund 21"],
        "postnummer": "4137",
        "poststed": "ÅRDAL I RYFYLKE"
      }
    }
  },
  "ordreEllerKjennelseVaretekt": {
    "type": "kjennelseVaretekt",
    "kjennelseVaretekt": {
      "fengslingKjennelse": {
        "domstol": {
          "organisasjonsnummer": "826726342",
          "navn": "Buskerud tingrett"
        },
        "avsagtDato": "2022-11-03T00:00:00",
        "fengsling": {
          "lovbudEnkel": {
            "lovbudStreng": "§172..."
          },
          "fraDato": "2022-11-03T00:00:00",
          "tilDato": "2022-11-30T00:00:00"
        }
      },
      "restriksjoner": [
        {
          "domstol": {
            "organisasjonsnummer": "826726342",
            "navn": "Buskerud tingrett"
          },
          "avsagtDato": "2022-11-03T00:00:00",
          "restriksjon": {
            "restriksjonsType": "BREV_OG_BESOEKSFORBUD",
            "lovbudEnkel": {
              "lovbudStreng": "Strpl. § 186, 2.ledd 1.pkt."
            },
            "fraDato": "2022-11-03T00:00:00",
            "tilDato": "2022-11-16T00:00:00"
          }
        },
        {
          "domstol": {
            "organisasjonsnummer": "826726342",
            "navn": "Buskerud tingrett"
          },
          "avsagtDato": "2022-11-03T00:00:00",
          "restriksjon": {
            "restriksjonsType": "BREV_OG_BESOEKSKONTROLL",
            "lovbudEnkel": {
              "lovbudStreng": "Strpl. § 186, 2.ledd 1.pkt."
            },
            "fraDato": "2022-11-17T00:00:00",
            "tilDato": "2022-11-30T00:00:00"
          }
        }
      ],
      "isolasjon": [
        {
          "domstol": {
            "organisasjonsnummer": "826726342",
            "navn": "Buskerud tingrett"
          },
          "avsagtDato": "2022-11-03T00:00:00",
          "isolasjon": {
            "isolasjonsType": "FULL_ISOLASJON",
            "lovbudEnkel": {
              "lovbudStreng": "Strpl. § 186a"
            },
            "fraDato": "2022-11-03T00:00:00",
            "tilDato": "2022-11-16T00:00:00"
          }
        }
      ]
    }
  },
  "dokumenter": [
    {
      "internId": "1234567879",
      "overskrift": "Begjæring om varetekt, Kiwi",
      "skrevetDato": "2022-11-03T00:00:00",
      "forsendelse": {
        "mimeType": "application/pdf",
        "uri": "file:///asdfasdf",
        "sjekksum": "234s"
      }
    },
    {
      "internId": "123234567879",
      "overskrift": "Siktelse",
      "kategori": {
        "kode": "siktelse"
      },
      "skrevetDato": "2022-10-14T00:00:00",
      "forsendelse": {
        "mimeType": "application/pdf",
        "uri": "file:///asdfaasdfsdf",
        "sjekksum": "234asass"
      }
    }
  ]
}
